{"packages/cupertino_icons/assets/CupertinoIcons.ttf":["packages/cupertino_icons/assets/CupertinoIcons.ttf"],"packages/flutterfire_ui/assets/countries.json":["packages/flutterfire_ui/assets/countries.json"],"packages/flutterfire_ui/assets/fonts/SocialIcons.ttf":["packages/flutterfire_ui/assets/fonts/SocialIcons.ttf"],"packages/flutterfire_ui/assets/icons/apple_dark.svg":["packages/flutterfire_ui/assets/icons/apple_dark.svg"],"packages/flutterfire_ui/assets/icons/apple_light.svg":["packages/flutterfire_ui/assets/icons/apple_light.svg"],"packages/flutterfire_ui/assets/icons/facebook.svg":["packages/flutterfire_ui/assets/icons/facebook.svg"],"packages/flutterfire_ui/assets/icons/google.svg":["packages/flutterfire_ui/assets/icons/google.svg"],"packages/flutterfire_ui/assets/icons/twitter.svg":["packages/flutterfire_ui/assets/icons/twitter.svg"]}