[
  { "name": "Andorra", "countryCode": "376", "isoCode": "AD" },
  { "name": "United Arab Emirates", "countryCode": "971", "isoCode": "AE" },
  { "name": "Afghanistan", "countryCode": "93", "isoCode": "AF" },
  { "name": "Antigua and Barbuda", "countryCode": "1-268", "isoCode": "AG" },
  { "name": "Albania", "countryCode": "355", "isoCode": "AL" },
  { "name": "Armenia", "countryCode": "374", "isoCode": "AM" },
  { "name": "Angola", "countryCode": "244", "isoCode": "AO" },
  { "name": "Argentina", "countryCode": "54", "isoCode": "AR" },
  { "name": "American Samoa", "countryCode": "1-684", "isoCode": "AS" },
  { "name": "Austria", "countryCode": "43", "isoCode": "AT" },
  { "name": "Australia", "countryCode": "61", "isoCode": "AU" },
  { "name": "Aruba", "countryCode": "297", "isoCode": "AW" },
  { "name": "Azerbaijan", "countryCode": "994", "isoCode": "AZ" },
  { "name": "Bosnia and Herzegovina", "countryCode": "387", "isoCode": "BA" },
  { "name": "Barbados", "countryCode": "1-246", "isoCode": "BB" },
  { "name": "Bangladesh", "countryCode": "880", "isoCode": "BD" },
  { "name": "Belgium", "countryCode": "32", "isoCode": "BE" },
  { "name": "Burkina Faso", "countryCode": "226", "isoCode": "BF" },
  { "name": "Bulgaria", "countryCode": "359", "isoCode": "BG" },
  { "name": "Benin", "countryCode": "229", "isoCode": "BJ" },
  { "name": "Bermuda", "countryCode": "1-441", "isoCode": "BM" },
  { "name": "Brunei", "countryCode": "673", "isoCode": "BN" },
  { "name": "Bolivia", "countryCode": "591", "isoCode": "BO" },
  { "name": "Brazil", "countryCode": "55", "isoCode": "BR" },
  { "name": "Bahamas", "countryCode": "1-242", "isoCode": "BS" },
  { "name": "Bhutan", "countryCode": "975", "isoCode": "BT" },
  { "name": "Botswana", "countryCode": "267", "isoCode": "BW" },
  { "name": "Belarus", "countryCode": "375", "isoCode": "BY" },
  { "name": "Belize", "countryCode": "501", "isoCode": "BZ" },
  { "name": "Canada", "countryCode": "1", "isoCode": "CA" },
  {
    "name": "Democratic Republic of the Congo",
    "countryCode": "243",
    "isoCode": "CD"
  },
  { "name": "Central African Republic", "countryCode": "236", "isoCode": "CF" },
  { "name": "Republic of the Congo", "countryCode": "242", "isoCode": "CG" },
  { "name": "Switzerland", "countryCode": "41", "isoCode": "CH" },
  { "name": "Ivory Coast", "countryCode": "225", "isoCode": "CI" },
  { "name": "Cook Islands", "countryCode": "682", "isoCode": "CK" },
  { "name": "Chile", "countryCode": "56", "isoCode": "CL" },
  { "name": "Cameroon", "countryCode": "237", "isoCode": "CM" },
  { "name": "Colombia", "countryCode": "57", "isoCode": "CO" },
  { "name": "Costa Rica", "countryCode": "506", "isoCode": "CR" },
  { "name": "Cape Verde", "countryCode": "238", "isoCode": "CV" },
  { "name": "Curacao", "countryCode": "599", "isoCode": "CW" },
  { "name": "Cyprus", "countryCode": "357", "isoCode": "CY" },
  { "name": "Czech Republic", "countryCode": "420", "isoCode": "CZ" },
  { "name": "Germany", "countryCode": "49", "isoCode": "DE" },
  { "name": "Djibouti", "countryCode": "253", "isoCode": "DJ" },
  { "name": "Denmark", "countryCode": "45", "isoCode": "DK" },
  { "name": "Dominica", "countryCode": "1-767", "isoCode": "DM" },
  {
    "name": "Dominican Republic",
    "countryCode": "1-809, 1-829, 1-849",
    "isoCode": "DO"
  },
  { "name": "Algeria", "countryCode": "213", "isoCode": "DZ" },
  { "name": "Ecuador", "countryCode": "593", "isoCode": "EC" },
  { "name": "Egypt", "countryCode": "20", "isoCode": "EG" },
  { "name": "Spain", "countryCode": "34", "isoCode": "ES" },
  { "name": "Ethiopia", "countryCode": "251", "isoCode": "ET" },
  { "name": "Estonia", "countryCode": "372", "isoCode": "EE" },
  { "name": "Finland", "countryCode": "358", "isoCode": "FI" },
  { "name": "Fiji", "countryCode": "679", "isoCode": "FJ" },
  { "name": "Falkland Islands", "countryCode": "500", "isoCode": "FK" },
  { "name": "Micronesia", "countryCode": "691", "isoCode": "FM" },
  { "name": "Faroe Islands", "countryCode": "298", "isoCode": "FO" },
  { "name": "France", "countryCode": "33", "isoCode": "FR" },
  { "name": "Gabon", "countryCode": "241", "isoCode": "GA" },
  { "name": "United Kingdom", "countryCode": "44", "isoCode": "GB" },
  { "name": "Grenada", "countryCode": "1-473", "isoCode": "GD" },
  { "name": "Georgia", "countryCode": "995", "isoCode": "GE" },
  { "isoCode": "GF", "name": "French Guiana", "countryCode": "594" },
  { "name": "Guernsey", "countryCode": "44-1481", "isoCode": "GG" },
  { "name": "Ghana", "countryCode": "233", "isoCode": "GH" },
  { "name": "Gibraltar", "countryCode": "350", "isoCode": "GI" },
  { "name": "Greenland", "countryCode": "299", "isoCode": "GL" },
  { "name": "Gambia", "countryCode": "220", "isoCode": "GM" },
  { "isoCode": "GP", "name": "Guadeloupe", "countryCode": "590" },
  { "name": "Equatorial Guinea", "countryCode": "240", "isoCode": "GQ" },
  { "name": "Greece", "countryCode": "30", "isoCode": "GR" },
  { "name": "Guatemala", "countryCode": "502", "isoCode": "GT" },
  { "name": "Guyana", "countryCode": "592", "isoCode": "GY" },
  { "name": "Hong Kong", "countryCode": "852", "isoCode": "HK" },
  { "name": "Honduras", "countryCode": "504", "isoCode": "HN" },
  { "name": "Croatia", "countryCode": "385", "isoCode": "HR" },
  { "name": "Haiti", "countryCode": "509", "isoCode": "HT" },
  { "name": "Hungary", "countryCode": "36", "isoCode": "HU" },
  { "name": "Indonesia", "countryCode": "62", "isoCode": "ID" },
  { "name": "Ireland", "countryCode": "353", "isoCode": "IE" },
  { "name": "Israel", "countryCode": "972", "isoCode": "IL" },
  { "name": "Isle of Man", "countryCode": "44-1624", "isoCode": "IM" },
  { "name": "India", "countryCode": "91", "isoCode": "IN" },
  { "name": "Iraq", "countryCode": "964", "isoCode": "IQ" },
  { "name": "Italy", "countryCode": "39", "isoCode": "IT" },
  { "name": "Jersey", "countryCode": "44-1534", "isoCode": "JE" },
  { "name": "Jamaica", "countryCode": "1-876", "isoCode": "JM" },
  { "name": "Jordan", "countryCode": "962", "isoCode": "JO" },
  { "name": "Japan", "countryCode": "81", "isoCode": "JP" },
  { "name": "Kenya", "countryCode": "254", "isoCode": "KE" },
  { "name": "Kyrgyzstan", "countryCode": "996", "isoCode": "KG" },
  { "name": "Cambodia", "countryCode": "855", "isoCode": "KH" },
  { "name": "Comoros", "countryCode": "269", "isoCode": "KM" },
  { "name": "Saint Kitts and Nevis", "countryCode": "1-869", "isoCode": "KN" },
  { "name": "South Korea", "countryCode": "82", "isoCode": "KR" },
  { "name": "Kuwait", "countryCode": "965", "isoCode": "KW" },
  { "name": "Cayman Islands", "countryCode": "1-345", "isoCode": "KY" },
  { "name": "Kazakhstan", "countryCode": "7", "isoCode": "KZ" },
  { "name": "Laos", "countryCode": "856", "isoCode": "LA" },
  { "name": "Lebanon", "countryCode": "961", "isoCode": "LB" },
  { "name": "Saint Lucia", "countryCode": "1-758", "isoCode": "LC" },
  { "name": "Liechtenstein", "countryCode": "423", "isoCode": "LI" },
  { "name": "Sri Lanka", "countryCode": "94", "isoCode": "LK" },
  { "name": "Lesotho", "countryCode": "266", "isoCode": "LS" },
  { "name": "Lithuania", "countryCode": "370", "isoCode": "LT" },
  { "name": "Luxembourg", "countryCode": "352", "isoCode": "LU" },
  { "name": "Latvia", "countryCode": "371", "isoCode": "LV" },
  { "name": "Libya", "countryCode": "218", "isoCode": "LY" },
  { "name": "Morocco", "countryCode": "212", "isoCode": "MA" },
  { "name": "Moldova", "countryCode": "373", "isoCode": "MD" },
  { "name": "Montenegro", "countryCode": "382", "isoCode": "ME" },
  { "name": "Saint Martin", "countryCode": "590", "isoCode": "MF" },
  { "name": "Madagascar", "countryCode": "261", "isoCode": "MG" },
  { "name": "Macedonia", "countryCode": "389", "isoCode": "MK" },
  { "name": "Myanmar", "countryCode": "95", "isoCode": "MM" },
  { "name": "Mongolia", "countryCode": "976", "isoCode": "MN" },
  { "name": "Macau", "countryCode": "853", "isoCode": "MO" },
  { "name": "Montserrat", "countryCode": "1-664", "isoCode": "MS" },
  { "name": "Malta", "countryCode": "356", "isoCode": "MT" },
  { "name": "Mauritius", "countryCode": "230", "isoCode": "MU" },
  { "name": "Malawi", "countryCode": "265", "isoCode": "MW" },
  { "name": "Mexico", "countryCode": "52", "isoCode": "MX" },
  { "name": "Malaysia", "countryCode": "60", "isoCode": "MY" },
  { "name": "Mozambique", "countryCode": "258", "isoCode": "MZ" },
  { "name": "Namibia", "countryCode": "264", "isoCode": "NA" },
  { "name": "New Caledonia", "countryCode": "687", "isoCode": "NC" },
  { "name": "Niger", "countryCode": "227", "isoCode": "NE" },
  { "isoCode": "NF", "name": "Norfolk Island", "countryCode": "672" },
  { "name": "Nigeria", "countryCode": "234", "isoCode": "NG" },
  { "name": "Nicaragua", "countryCode": "505", "isoCode": "NI" },
  { "name": "Netherlands", "countryCode": "31", "isoCode": "NL" },
  { "name": "Norway", "countryCode": "47", "isoCode": "NO" },
  { "name": "Nepal", "countryCode": "977", "isoCode": "NP" },
  { "name": "New Zealand", "countryCode": "64", "isoCode": "NZ" },
  { "name": "Oman", "countryCode": "968", "isoCode": "OM" },
  { "name": "Panama", "countryCode": "507", "isoCode": "PA" },
  { "name": "Peru", "countryCode": "51", "isoCode": "PE" },
  { "name": "Papua New Guinea", "countryCode": "675", "isoCode": "PG" },
  { "name": "Philippines", "countryCode": "63", "isoCode": "PH" },
  { "name": "Pakistan", "countryCode": "92", "isoCode": "PK" },
  { "name": "Poland", "countryCode": "48", "isoCode": "PL" },
  {
    "name": "Saint Pierre and Miquelon",
    "countryCode": "508",
    "isoCode": "PM"
  },
  { "name": "Puerto Rico", "countryCode": "1-787, 1-939", "isoCode": "PR" },
  { "name": "Palestine", "countryCode": "970", "isoCode": "PS" },
  { "name": "Portugal", "countryCode": "351", "isoCode": "PT" },
  { "name": "Paraguay", "countryCode": "595", "isoCode": "PY" },
  { "name": "Qatar", "countryCode": "974", "isoCode": "QA" },
  { "name": "Reunion", "countryCode": "262", "isoCode": "RE" },
  { "name": "Romania", "countryCode": "40", "isoCode": "RO" },
  { "name": "Serbia", "countryCode": "381", "isoCode": "RS" },
  { "name": "Russia", "countryCode": "7", "isoCode": "RU" },
  { "name": "Rwanda", "countryCode": "250", "isoCode": "RW" },
  { "name": "Saudi Arabia", "countryCode": "966", "isoCode": "SA" },
  { "name": "Seychelles", "countryCode": "248", "isoCode": "SC" },
  { "name": "Sweden", "countryCode": "46", "isoCode": "SE" },
  { "name": "Singapore", "countryCode": "65", "isoCode": "SG" },
  { "name": "Saint Helena", "countryCode": "290", "isoCode": "SH" },
  { "name": "Slovenia", "countryCode": "386", "isoCode": "SI" },
  { "name": "Slovakia", "countryCode": "421", "isoCode": "SK" },
  { "name": "Sierra Leone", "countryCode": "232", "isoCode": "SL" },
  { "name": "Senegal", "countryCode": "221", "isoCode": "SN" },
  { "name": "Suriname", "countryCode": "597", "isoCode": "SR" },
  { "name": "Sao Tome and Principe", "countryCode": "239", "isoCode": "ST" },
  { "name": "El Salvador", "countryCode": "503", "isoCode": "SV" },
  { "name": "Swaziland", "countryCode": "268", "isoCode": "SZ" },
  {
    "name": "Turks and Caicos Islands",
    "countryCode": "1-649",
    "isoCode": "TC"
  },
  { "name": "Togo", "countryCode": "228", "isoCode": "TG" },
  { "name": "Thailand", "countryCode": "66", "isoCode": "TH" },
  { "name": "East Timor", "countryCode": "670", "isoCode": "TL" },
  { "name": "Turkmenistan", "countryCode": "993", "isoCode": "TM" },
  { "name": "Tonga", "countryCode": "676", "isoCode": "TO" },
  { "name": "Turkey", "countryCode": "90", "isoCode": "TR" },
  { "name": "Trinidad and Tobago", "countryCode": "1-868", "isoCode": "TT" },
  { "name": "Taiwan", "countryCode": "886", "isoCode": "TW" },
  { "name": "Tanzania", "countryCode": "255", "isoCode": "TZ" },
  { "name": "Ukraine", "countryCode": "380", "isoCode": "UA" },
  { "name": "Uganda", "countryCode": "256", "isoCode": "UG" },
  { "name": "United States", "countryCode": "1", "isoCode": "US" },
  { "name": "Uruguay", "countryCode": "598", "isoCode": "UY" },
  { "name": "Uzbekistan", "countryCode": "998", "isoCode": "UZ" },
  {
    "name": "Saint Vincent and the Grenadines",
    "countryCode": "1-784",
    "isoCode": "VC"
  },
  { "name": "Venezuela", "countryCode": "58", "isoCode": "VE" },
  { "name": "British Virgin Islands", "countryCode": "1-284", "isoCode": "VG" },
  { "name": "U.S. Virgin Islands", "countryCode": "1-340", "isoCode": "VI" },
  { "name": "Vietnam", "countryCode": "84", "isoCode": "VN" },
  { "name": "Samoa", "countryCode": "685", "isoCode": "WS" },
  { "name": "Yemen", "countryCode": "967", "isoCode": "YE" },
  { "name": "Mayotte", "countryCode": "262", "isoCode": "YT" },
  { "name": "South Africa", "countryCode": "27", "isoCode": "ZA" },
  { "name": "Zambia", "countryCode": "260", "isoCode": "ZM" },
  { "name": "Zimbabwe", "countryCode": "263", "isoCode": "ZW" }
]
